iter	RMSE
0	296.1130615
1	290.3281746
2	284.655468
3	279.1487448
4	273.7725176
5	268.4869197
6	263.2427208
7	258.0695384
8	253.0247666
9	248.0876976
